epoch,accuracy,loss
0,0.5006278,0.6690875271271015
